{
  "n_contracts": 14406,
  "min_obs": 20,
  "window": 10,
  "overall": {
    "median": 5.3056628886284845,
    "q25": 1.520023646962489,
    "q75": 16.73159417052056,
    "mean": 12.544258074489075
  },
  "arch_test": {
    "tested": 14406,
    "rejections": 3231,
    "rejection_rate": 0.22428154935443564
  },
  "spearman_vol": {
    "rho": 0.015353827906049031,
    "p": 0.10034000217688015
  },
  "ols_slope": -0.4584438562172671
}