{
  "n_matched": 51,
  "lambda_mean": 0.12466861662471349,
  "lambda_median": 0.09845674839711283,
  "lambda_std": 0.34842134855643464,
  "t_stat": 2.5552739710110863,
  "t_pval": 0.01369932508967181,
  "w_pval": 0.01959540423961206,
  "regression": {
    "labels": [
      "Constant",
      "ln(Volume)",
      "|p - 0.5|"
    ],
    "beta": [
      -1.0077929886062396,
      0.08315089019745948,
      -0.7177103679894902
    ],
    "se": [
      1.5858014108221967,
      0.10675596198384332,
      0.4194710248425793
    ],
    "t": [
      -0.6355102106282811,
      0.7788875548706471,
      -1.7109891398549764
    ],
    "p": [
      0.5281140246395482,
      0.4398690993390606,
      0.0935392952445191
    ],
    "r2": 0.0801466606161837,
    "n": 51
  }
}