{
  "baseline_mle": {
    "First-5\\% midpoint (baseline)": {
      "lambda": 0.16564548348716873,
      "se": 0.011540162252237737,
      "z": 14.353826217222261,
      "p_value": 0.0,
      "n": 13196,
      "ll": -8064.543694307721
    },
    "Post-settle (skip first 2h)": {
      "lambda": 0.1488909517884035,
      "se": 0.011718368978814077,
      "z": 12.705774332382523,
      "p_value": 0.0,
      "n": 13098,
      "ll": -7667.10697851493
    },
    "5-price average": {
      "lambda": 0.15366253842248995,
      "se": 0.011657322534711155,
      "z": 13.1816322285791,
      "p_value": 0.0,
      "n": 13221,
      "ll": -7668.258742891074
    },
    "Filtered (non-stale, low-spread)": {
      "lambda": 0.13139802372775639,
      "se": 0.013949603190737212,
      "z": 9.419481108610103,
      "p_value": 0.0,
      "n": 9010,
      "ll": -5500.4710415473655
    }
  },
  "hierarchical_mle": {
    "First-5\\% midpoint (baseline)": {
      "coefficients": {
        "Constant": {
          "beta": 0.2527912953386626,
          "se": 0.0656608604320362,
          "z": 3.8499540468300766,
          "p": 0.00011813998785981106
        },
        "ln(Volume)": {
          "beta": -0.07168823763291668,
          "se": 0.005305627347692265,
          "z": -13.511736300910426,
          "p": 0.0
        },
        "ln(Duration)": {
          "beta": 0.144679802187714,
          "se": 0.01248153910267968,
          "z": 11.591503339251846,
          "p": 0.0
        },
        "|p-0.5|": {
          "beta": -0.4692773511392025,
          "se": 0.09832139982300409,
          "z": -4.772891272744131,
          "p": 1.8159984047638744e-06
        }
      },
      "n": 13196,
      "ll": -7884.303571566099,
      "lr_stat": 417.2614320107823,
      "lr_p": 0.0
    },
    "Post-settle (skip first 2h)": {
      "coefficients": {
        "Constant": {
          "beta": 0.23313428948123482,
          "se": 0.06497502473457423,
          "z": 3.5880600343531754,
          "p": 0.0003331475901573455
        },
        "ln(Volume)": {
          "beta": -0.07075899826873133,
          "se": 0.00530118416149591,
          "z": -13.347772141680183,
          "p": 0.0
        },
        "ln(Duration)": {
          "beta": 0.1408563691395709,
          "se": 0.012298941114176506,
          "z": 11.45272327364925,
          "p": 0.0
        },
        "|p-0.5|": {
          "beta": -0.3078553398902689,
          "se": 0.09427036639071729,
          "z": -3.2656639798589255,
          "p": 0.0010920775457792242
        }
      },
      "n": 13098,
      "ll": -7505.659069779855,
      "lr_stat": 374.3617715493092,
      "lr_p": 0.0
    },
    "5-price average": {
      "coefficients": {
        "Constant": {
          "beta": 0.2431174571692688,
          "se": 0.06343364695273697,
          "z": 3.832626198370879,
          "p": 0.00012678252378117705
        },
        "ln(Volume)": {
          "beta": -0.07106076356627934,
          "se": 0.005216954365268812,
          "z": -13.621120406832967,
          "p": 0.0
        },
        "ln(Duration)": {
          "beta": 0.13953159015323713,
          "se": 0.011982339153784948,
          "z": 11.644770554600958,
          "p": 0.0
        },
        "|p-0.5|": {
          "beta": -0.2825613857938707,
          "se": 0.09603720455028293,
          "z": -2.9422075238136265,
          "p": 0.0032588145941236935
        }
      },
      "n": 13221,
      "ll": -7507.647729024815,
      "lr_stat": 379.8424330116286,
      "lr_p": 0.0
    },
    "Filtered (non-stale, low-spread)": {
      "coefficients": {
        "Constant": {
          "beta": 0.23314961039303703,
          "se": 0.07943759128926078,
          "z": 2.9350035242641686,
          "p": 0.0033354389960369435
        },
        "ln(Volume)": {
          "beta": -0.07641989871220592,
          "se": 0.006520137942951074,
          "z": -11.720595389369565,
          "p": 0.0
        },
        "ln(Duration)": {
          "beta": 0.15292289901726058,
          "se": 0.01476577600356172,
          "z": 10.356577194478188,
          "p": 0.0
        },
        "|p-0.5|": {
          "beta": -0.35284500204515706,
          "se": 0.11654845160137176,
          "z": -3.027453365506609,
          "p": 0.002466237645029068
        }
      },
      "n": 9010,
      "ll": -5368.957477147791,
      "lr_stat": 315.9928054479733,
      "lr_p": 0.0
    }
  },
  "volume_stratified": {
    "First-5\\% midpoint (baseline)": {
      "Low (<$500)": {
        "lambda": 0.35573625496232325,
        "se": 0.028269743377521535,
        "z": 12.583639342307725,
        "p_value": 0.0,
        "n": 2188,
        "ll": -1333.0400437679284
      },
      "Medium ($500-2K)": {
        "lambda": 0.3604924796712861,
        "se": 0.02499670447555171,
        "z": 14.421600256300568,
        "p_value": 0.0,
        "n": 2887,
        "ll": -1703.946265526506
      },
      "High ($2K-10K)": {
        "lambda": 0.14373481325665793,
        "se": 0.024864934826489327,
        "z": 5.780622964011678,
        "p_value": 7.442451765982128e-09,
        "n": 2934,
        "ll": -1669.904191329245
      },
      "Very high (>$10K)": {
        "lambda": -0.011705953027699108,
        "se": 0.01830566655392015,
        "z": -0.6394715534241108,
        "p_value": 0.5225162135534223,
        "n": 5187,
        "ll": -3256.87982369024
      }
    },
    "Post-settle (skip first 2h)": {
      "Low (<$500)": {
        "lambda": 0.32841494307715197,
        "se": 0.028509074309583528,
        "z": 11.51966351172451,
        "p_value": 0.0,
        "n": 2191,
        "ll": -1285.833648159848
      },
      "Medium ($500-2K)": {
        "lambda": 0.339540190858539,
        "se": 0.025372891681954352,
        "z": 13.382006084076966,
        "p_value": 0.0,
        "n": 2881,
        "ll": -1618.2965321368415
      },
      "High ($2K-10K)": {
        "lambda": 0.12221919015063007,
        "se": 0.025394833122950405,
        "z": 4.812758152766726,
        "p_value": 1.4886139390046793e-06,
        "n": 2893,
        "ll": -1564.4204284190291
      },
      "Very high (>$10K)": {
        "lambda": -0.020302453172805313,
        "se": 0.018593994435633927,
        "z": -1.0918822872129756,
        "p_value": 0.2748848441490339,
        "n": 5133,
        "ll": -3108.1156485016354
      }
    },
    "5-price average": {
      "Low (<$500)": {
        "lambda": 0.3334366851279178,
        "se": 0.02847271210487652,
        "z": 11.710745499049601,
        "p_value": 0.0,
        "n": 2196,
        "ll": -1277.4486786660627
      },
      "Medium ($500-2K)": {
        "lambda": 0.3458091207099486,
        "se": 0.02524535297154804,
        "z": 13.697931698545933,
        "p_value": 0.0,
        "n": 2909,
        "ll": -1615.8741183394823
      },
      "High ($2K-10K)": {
        "lambda": 0.12913647242890552,
        "se": 0.025213804118703526,
        "z": 5.121657637258809,
        "p_value": 3.0286139995894246e-07,
        "n": 2930,
        "ll": -1564.423881212349
      },
      "Very high (>$10K)": {
        "lambda": -0.01676356475275336,
        "se": 0.018483603796050605,
        "z": -0.906942441405027,
        "p_value": 0.3644372358962842,
        "n": 5186,
        "ll": -3118.189979555237
      }
    },
    "Filtered (non-stale, low-spread)": {
      "Low (<$500)": {
        "lambda": 0.3601628589995581,
        "se": 0.03582802922401597,
        "z": 10.052544524501405,
        "p_value": 0.0,
        "n": 1366,
        "ll": -831.2279189508283
      },
      "Medium ($500-2K)": {
        "lambda": 0.2972222653134421,
        "se": 0.030664902005134453,
        "z": 9.692588134267508,
        "p_value": 0.0,
        "n": 1889,
        "ll": -1128.1456724602538
      },
      "High ($2K-10K)": {
        "lambda": 0.1314588423630154,
        "se": 0.029514819144159512,
        "z": 4.453994507671882,
        "p_value": 8.428725724485275e-06,
        "n": 2080,
        "ll": -1177.108975608799
      },