{
  "ladder": [
    {
      "label": "PM 5% (opening)",
      "price_col": "p_open",
      "n": 13274,
      "coefficients": {
        "Constant": {
          "beta": 0.25987478944895315,
          "se_fisher": 0.06270784959282605,
          "se_robust": 0.06364852942147933,
          "z_robust": 4.08296612366434,
          "p_robust": 4.446450678652347e-05
        },
        "ln(Volume)": {
          "beta": -0.07161599904546578,
          "se_fisher": 0.0051893846172999525,
          "se_robust": 0.00525113017614689,
          "z_robust": -13.63820675609594,
          "p_robust": 0.0
        },
        "ln(Duration)": {
          "beta": 0.14309187438648363,
          "se_fisher": 0.01214120735909863,
          "se_robust": 0.01218583041725107,
          "z_robust": 11.742480363415634,
          "p_robust": 0.0
        },
        "|p - 0.5|": {
          "beta": -0.47781622187306505,
          "se_fisher": 0.0994497154464236,
          "se_robust": 0.09851223951648984,
          "z_robust": -4.850323413803663,
          "p_robust": 1.23260328099839e-06
        }
      }
    },
    {
      "label": "PM 20%",
      "price_col": "p_20pct",
      "n": 12923,
      "coefficients": {
        "Constant": {
          "beta": 0.2096508633828515,
          "se_fisher": 0.06399312515496275,
          "se_robust": 0.0646390326340347,
          "z_robust": 3.243409668115346,
          "p_robust": 0.0011810825554823268
        },
        "ln(Volume)": {
          "beta": -0.06156225187447153,
          "se_fisher": 0.005278842024749152,
          "se_robust": 0.005320815362020542,
          "z_robust": -11.570078584928327,
          "p_robust": 0.0
        },
        "ln(Duration)": {
          "beta": 0.12475624252527864,
          "se_fisher": 0.012469324717269678,
          "se_robust": 0.012479539014486484,
          "z_robust": 9.996863055635247,
          "p_robust": 0.0
        },
        "|p - 0.5|": {
          "beta": -0.36174817718927404,
          "se_fisher": 0.09851530010286942,
          "se_robust": 0.0970628097133057,
          "z_robust": -3.7269493666809064,
          "p_robust": 0.0001938113744652803
        }
      }
    },
    {
      "label": "PM 50% (mid-life)",
      "price_col": "p_mid",
      "n": 12645,
      "coefficients": {
        "Constant": {
          "beta": 0.17966448609332558,
          "se_fisher": 0.06486968325135266,
          "se_robust": 0.06484018320409458,
          "z_robust": 2.770881839241626,
          "p_robust": 0.005590470981354789
        },
        "ln(Volume)": {
          "beta": -0.05407583117731689,
          "se_fisher": 0.0052907229557214806,
          "se_robust": 0.005322958233833829,
          "z_robust": -10.15898092786069,
          "p_robust": 0.0
        },
        "ln(Duration)": {
          "beta": 0.10499801693325125,
          "se_fisher": 0.012703004176833637,
          "se_robust": 0.012496386214424601,
          "z_robust": 8.402270474967542,
          "p_robust": 0.0
        },
        "|p - 0.5|": {
          "beta": -0.19067727137654555,
          "se_fisher": 0.09921019560690786,
          "se_robust": 0.09563092788295964,
          "z_robust": -1.9938870781418205,
          "p_robust": 0.04616439640928949
        }
      }
    },
    {
      "label": "PM 80% (late-life)",
      "price_col": "p_80pct",
      "n": 10697,
      "coefficients": {
        "Constant": {
          "beta": 0.2883767508439208,
          "se_fisher": 0.07537900280440361,
          "se_robust": 0.07434643099929635,
          "z_robust": 3.8788244031061847,
          "p_robust": 0.00010496248496494331
        },
        "ln(Volume)": {
          "beta": -0.04670288696243819,
          "se_fisher": 0.005658540259232025,
          "se_robust": 0.0056304160895632,
          "z_robust": -8.29474877514094,
          "p_robust": 0.0
        },
        "ln(Duration)": {
          "beta": 0.05609642063376102,
          "se_fisher": 0.015110771068442806,
          "se_robust": 0.014798168215129753,
          "z_robust": 3.790767871959155,
          "p_robust": 0.00015018226399110546
        },
        "|p - 0.5|": {
          "beta": -0.20793501674787265,
          "se_fisher": 0.10729982273297732,
          "se_robust": 0.1026189929917829,
          "z_robust": -2.026281984315738,
          "p_robust": 0.042735896350242664
        }
      }
    }
  ],
  "kalshi_reference": {
    "n": 200226,
    "beta": {
      "Constant": 0.14001806176908224,
      "ln(Volume)": 0.03844525280078701,
      "ln(Duration)": -0.11010093190330247,
      "|p - 0.5|": 0.1917259816021932
    },
    "se_robust": {
      "Constant": 0.0188105770173109,
      "ln(Volume)": 0.0029140109171783067,
      "ln(Duration)": 0.002969538180533125,
      "|p - 0.5|": 0.026061732624742682
    }
  },
  "distances": [
    {
      "label": "PM 5% (opening)",
      "diffs": {
        "ln(Volume)": -0.11006125184625279,
        "ln(Duration)": 0.25319280628978613,
        "|p - 0.5|": -0.6695422034752583
      },
      "l1": 1.0327962616112971,
      "l2": 0.724228443620772
    },
    {
      "label": "PM 20%",
      "diffs": {
        "ln(Volume)": -0.10000750467525854,
        "ln(Duration)": 0.23485717442858112,
        "|p - 0.5|": -0.5534741587914672
      },
      "l1": 0.8883388378953069,
      "l2": 0.609502286970173
    },
    {
      "label": "PM 50% (mid-life)",
      "diffs": {
        "ln(Volume)": -0.09252108397810391,
        "ln(Duration)": 0.21509894883655373,
        "|p - 0.5|": -0.3824032529787388
      },
      "l1": 0.6900232857933964,
      "l2": 0.448397097068876
    },
    {
      "label": "PM 80% (late-life)",
      "diffs": {
        "ln(Volume)": -0.0851481397632252,
        "ln(Duration)": 0.1661973525370635,
        "|p - 0.5|": -0.39966099835006585
      },
      "l1": 0.6510064906503545,
      "l2": 0.44113566994478925
    }
  ],
  "summary": {
    "l1_reduction_pct": 36.9666104682932,
    "l2_reduction_pct": 39.08887812534172,
    "l1_monotone": true,
    "l2_monotone": true,
    "sign_flips": 0,
    "signs_still_opposite": 3,
    "gap_closed_pct": {
      "ln(Volume)": 22.63567937409009,
      "ln(Duration)": 34.35937024733394,
      "|p - 0.5|": 40.30831868766065
    },
    "timing_verdict": "partially explains"
  }
}